书名,评分,作者/出版信息,出版年份,短评总赞,短简介,链接
红楼梦,9.7,[清] 曹雪芹 著 / 人民文学出版社 / 1996-12 / 59.70元,1996.0,29496,都云作者痴，谁解其中味？,https://book.douban.com/subject/1007305/
活着,9.4,余华 / 作家出版社 / 2012-8 / 28.00元,2012.0,49650,生的苦难与伟大,https://book.douban.com/subject/4913064/
哈利·波特,9.7,J.K.罗琳 (J.K.Rowling) / 苏农 / 人民文学出版社 / 2008-12-1 / 498.00元,2008.0,4521,从9¾站台开始的旅程,https://book.douban.com/subject/24531956/
1984,9.4,[英] 乔治·奥威尔 / 刘绍铭 / 北京十月文艺出版社 / 2010-4-1 / 28.00,2010.0,23470,栗树荫下，我出卖你，你出卖我,https://book.douban.com/subject/4820710/
三体全集: 地球往事三部曲,9.5,刘慈欣 / 重庆出版社 / 2012-1 / 168.00元,2012.0,7049,地球往事三部曲,https://book.douban.com/subject/6518605/
百年孤独,9.3,[哥伦比亚] 加西亚·马尔克斯 / 范晔 / 南海出版公司 / 2011-6 / 39.50元,2011.0,59581,魔幻现实主义文学代表作,https://book.douban.com/subject/6082808/
飘,9.3,[美国] 玛格丽特·米切尔 / 李美华 / 译林出版社 / 2000-9 / 40.00元,2000.0,15215,革命时期的爱情，随风而逝,https://book.douban.com/subject/1068920/
动物农场,9.3,[英] 乔治·奥威尔 / 荣如德 / 上海译文出版社 / 2007-3 / 10.00元,2007.0,8291,太阳底下并无新事,https://book.douban.com/subject/2035179/
房思琪的初恋乐园,9.2,林奕含 / 北京联合出版公司 / 2018-2 / 45.00元,2018.0,52198,向死而生的文学绝唱,https://book.douban.com/subject/27614904/
三国演义（全二册）,9.3,[明] 罗贯中 / 人民文学出版社 / 1998-05 / 39.50元,1998.0,4106,是非成败转头空,https://book.douban.com/subject/1019568/
福尔摩斯探案全集（上中下）,9.3,[英] 阿·柯南道尔 / 丁钟华 等 / 群众出版社 / 1981-8 / 53.00元/68.00元,1981.0,2633,名侦探的代名词,https://book.douban.com/subject/1040211/
白夜行,9.2,[日] 东野圭吾 / 刘姿君 / 南海出版公司 / 2013-1-1 / 39.50元,2013.0,55767,一宗离奇命案牵出跨度近20年步步惊心的故事,https://book.douban.com/subject/10554308/
邓小平时代,9.4,【美】傅高义 (Ezra.F.Vogel) / 冯克利 / 生活·读书·新知三联书店 / 2013-1-18 / 88.00元,2013.0,11405,个人命运背后的历史变局,https://book.douban.com/subject/20424526/
小王子,9.1,[法] 圣埃克苏佩里 / 马振骋 / 人民文学出版社 / 2003-8 / 22.00元,2003.0,24069,献给长成了大人的孩子们,https://book.douban.com/subject/1084336/
呐喊,9.2,鲁迅 / 人民文学出版社 / 1973-3 / 0.36元,1973.0,10060,新文学的第一声呐喊,https://book.douban.com/subject/1449351/
安徒生童话故事集,9.3,（丹麦）安徒生 / 叶君健 / 人民文学出版社 / 1997-08 / 25.00元,1997.0,2888,为了争取未来的一代,https://book.douban.com/subject/1046209/
撒哈拉的故事,9.2,三毛 / 哈尔滨出版社 / 2003-8 / 15.80元,2003.0,5970,游荡的自由灵魂,https://book.douban.com/subject/1060068/
天龙八部,9.2,金庸 / 生活·读书·新知三联书店 / 1994-5 / 96.00元,1994.0,14376,有情皆孽，无人不冤,https://book.douban.com/subject/1255625/
失踪的孩子: 那不勒斯四部曲4,9.2,[意] 埃莱娜·费兰特 / 陈英 / 人民文学出版社 / 2018-7 / 62.00元,2018.0,28112,我的整个生命，只是一场为了提升社会地位的低俗斗争。,https://book.douban.com/subject/30172069/
卡拉马佐夫兄弟,9.6,[俄] 费奥多尔·陀思妥耶夫斯基 / 荣如德 / 上海译文出版社 / 2015-2-1 / CNY 78.00,2015.0,10262,,https://book.douban.com/subject/25887924/
杀死一只知更鸟,9.2,[美] 哈珀·李 / 高红梅 / 译林出版社 / 2012-9 / 32.00元,2012.0,14806,有一种东西不能遵循从众原则，那就是——人的良心,https://book.douban.com/subject/6781808/
新名字的故事: 那不勒斯四部曲2,9.2,[意] 埃莱娜·费兰特 / 陈英 / 人民文学出版社 / 2017-4 / 59.00元,2017.0,16134,探索青年时代的激情、困惑、挣扎、背叛和失去,https://book.douban.com/subject/26986954/
明朝那些事儿（1-9）: 限量版,9.2,当年明月 / 中国海关出版社 / 2009-4 / 358.20元,2009.0,9815,不拘一格的历史书写,https://book.douban.com/subject/3674537/
野草,9.5,鲁迅 / 人民文学出版社 / 1973-3 / 0.20元,1973.0,3610,我以这一丛野草，在明与暗，生与死，过去与未来之际，献于友与仇，人与兽，爱者与不爱者之前作证。,https://book.douban.com/subject/1915958/
悉达多: 一首印度的诗,9.2,[德] 赫尔曼·黑塞 / 姜乙 / 天津人民出版社 / 2017-1 / 32.00元,2017.0,24210,,https://book.douban.com/subject/26980487/
中国历代政治得失,9.2,钱穆 / 生活·读书·新知三联书店 / 2001 / 12.00元,2001.0,8033,一部简明的“中国政治制度史”,https://book.douban.com/subject/1003479/
沉默的大多数: 王小波杂文随笔全编,9.1,王小波 / 中国青年出版社 / 1997-10 / 27.00元,1997.0,11310,沉默是沉默者的通行证,https://book.douban.com/subject/1054685/
罗杰疑案: 阿加莎·克里斯蒂作品02,9.2,[英] 阿加莎·克里斯蒂 / 常禾 / 新星出版社 / 2013-3 / 28.00元,2013.0,15392,,https://book.douban.com/subject/21371175/
我与地坛: 史铁生代表作,9.2,史铁生 / 春风文艺出版社 / 2002-5 / 25.00元,2002.0,11410,这是你的罪孽与福祉,https://book.douban.com/subject/1209899/
彷徨,9.3,鲁迅 / 人民文学出版社 / 1973-3 / 0.37元,1973.0,1805,路漫漫其修远兮，吾将上下而求索,https://book.douban.com/subject/1449348/
许三观卖血记,9.2,余华 / 作家出版社 / 2012-9 / 24.00元,2012.0,24147,,https://book.douban.com/subject/4760224/
白鹿原: 20周年精装典藏版,9.2,陈忠实 / 人民文学出版社 / 2012-9 / 39.00元,2012.0,4844,一轴关于我们民族灵魂的现实主义画卷,https://book.douban.com/subject/10564071/
局外人,9.1,[法] 阿尔贝·加缪 / 柳鸣九 / 上海译文出版社 / 2010-8 / 22.00元,2010.0,39992,人生在世，永远也不该演戏作假,https://book.douban.com/subject/4908885/
乡土中国,9.2,费孝通 / 上海人民出版社 / 2006-4 / 38.00,2006.0,13353,中国乡土社会传统文化和社会结构理论研究代表作,https://book.douban.com/subject/1795079/
人类简史: 从动物到上帝,9.1,[以色列] 尤瓦尔·赫拉利 / 林俊宏 / 中信出版社 / 2014-11 / 68.00元,2014.0,11586,跟着人类一同走过十万年,https://book.douban.com/subject/25985021/
献给阿尔吉侬的花束,9.1,[美] 丹尼尔·凯斯 / 陈澄和 / 广西师范大学出版社 / 2015-4 / 36.00元,2015.0,24359,当声称能改造智能的科学实验选中心智障碍主角,https://book.douban.com/subject/26362836/
平凡的世界（全三部）,9.0,路遥 / 人民文学出版社 / 2005-1 / 64.00元,2005.0,9116,中国当代城乡生活全景,https://book.douban.com/subject/1200840/
围城,9.0,钱锺书 / 人民文学出版社 / 1991-2 / 19.00,1991.0,13278,,https://book.douban.com/subject/1008145/
笑傲江湖（全四册）,9.1,金庸 / 生活·读书·新知三联书店 / 1994-5 / 76.80元,1994.0,7978,欲练此功，必先自宫,https://book.douban.com/subject/1002299/
东方快车谋杀案,9.1,[英] 阿加莎·克里斯蒂 / 陈尧光 / 人民文学出版社 / 2006-5 / 18.00元,2006.0,7012,谋杀诡计惊人，波洛的抉择耐人寻味,https://book.douban.com/subject/1827374/
城南旧事: 纪念普及版,9.1,林海音 文 / 中国青年出版社 / 2003-7 / 16.00元,2003.0,6751,长亭外，古道边，芳草碧连天,https://book.douban.com/subject/1254588/
故事新编,9.4,鲁迅 / 人民文学出版社 / 1973-12-01 / 0.31 元,1973.0,1968,拾取古代传说，取一点因由，随意点染,https://book.douban.com/subject/2046909/
肖申克的救赎,9.1,[美] 斯蒂芬·金 / 施寄青 / 人民文学出版社 / 2006-7 / 29.90元,2006.0,8034,豆瓣电影Top1原著,https://book.douban.com/subject/1829226/
江城,9.1,[美] 彼得·海斯勒 / 李雪顺 / 上海译文出版社 / 2012-1 / 36.00元,2012.0,4620,外国人眼中的涪陵,https://book.douban.com/subject/7060185/
基督山伯爵,9.1,[法国] 大仲马 / 周克希 / 上海译文出版社 / 1991-12-1 / 43.90元,1991.0,11367,一个报恩复仇的故事，以法国波旁王朝和七月王朝为背景,https://book.douban.com/subject/1085860/
朝花夕拾,9.1,鲁迅 / 人民文学出版社 / 1973-4 / 0.25元,1973.0,3959,在纷扰中寻出一点闲静,https://book.douban.com/subject/1449352/
万历十五年,9.0,[美] 黄仁宇 / 生活·读书·新知三联书店 / 1997-5 / 18.00元,1997.0,9595,见微知著，历史观的颠覆,https://book.douban.com/subject/1041482/
秋园,9.0,杨本芬 / 北京联合出版公司 / 2020-6 / 38.00元,2020.0,21997,,https://book.douban.com/subject/34998019/
霍乱时期的爱情,9.0,[哥伦比亚] 加西亚·马尔克斯 / 杨玲 / 南海出版公司 / 2012-9-1 / 39.50元,2012.0,64792,义无反顾地直达爱情的核心,https://book.douban.com/subject/10594787/
艺术的故事,9.5,[英] 贡布里希 (Sir E.H.Gombrich) / 范景中 / 广西美术出版社 / 2008-04 / 280.00,2008.0,4799,从最早的洞窟绘画到当今的实验艺术,https://book.douban.com/subject/3162991/
置身事内: 中国政府与经济发展,9.1,兰小欢 / 上海人民出版社 / 2021-8 / 65.00元,2021.0,9347,,https://book.douban.com/subject/35546622/
厌女: 日本的女性嫌恶,9.1,上野千鹤子 / 王兰 / 上海三联书店 / 2015-1 / 28.00元,2015.0,22745,,https://book.douban.com/subject/25836270/
射雕英雄传,9.1,金庸 / 生活·读书·新知三联书店 / 1999-04 / 47.00元,1999.0,4542,侠之大者，为国为民,https://book.douban.com/subject/1044547/
月亮和六便士,8.9,[英] 毛姆 / 傅惟慈 / 上海译文出版社 / 2006-8 / 15.00元,2006.0,10461,有多少人会经历顿悟，就有更少的人甘愿自我放逐,https://book.douban.com/subject/1858513/
西游记（全二册）,9.1,吴承恩 / 黄肃秋 注释 / 人民文学出版社 / 2004-8 / 47.20元,2004.0,5009,神魔皆有人情，精魅亦通世故,https://book.douban.com/subject/1029553/
无人生还,9.0,[英] 阿加莎・克里斯蒂 / 祁阿红 / 人民文学出版社 / 2008-3 / 19.00,2008.0,7391,童谣杀人案,https://book.douban.com/subject/3006581/
追风筝的人,8.9,[美] 卡勒德·胡赛尼 / 李继宏 / 上海人民出版社 / 2006-5 / 29.00元,2006.0,26709,为你，千千万万遍,https://book.douban.com/subject/1770782/
树上的男爵,9.1,[意大利]伊塔洛·卡尔维诺 / 吴正仪 / 译林出版社 / 2012-4-1 / 30.00元,2012.0,5154,是不是真的只有先与人疏离，才能最终与他们在一起？,https://book.douban.com/subject/6789605/
寻路中国: 从乡村到工厂的自驾之旅,9.0,[美] 彼得·海斯勒 / 李雪顺 / 上海译文出版社 / 2011-1 / 33.00元,2011.0,4339,《纽约客》驻北京记者驾车漫游中国大陆的经历,https://book.douban.com/subject/5414391/
格林童话全集,9.1,[德]格林兄弟 / 魏以新 / 人民文学出版社 / 1994-11 / 21.45元,1994.0,963,一本有教育意义的书,https://book.douban.com/subject/1043008/
刀锋,9.0,[英]毛姆 / 周煦良 / 上海译文出版社 / 2007-3 / 18.00元,2007.0,13322,一把刀的锋刃不容易越过；因此智者说得救之道是困难的,https://book.douban.com/subject/2035162/
中国少年儿童百科全书（全四册）,9.4,林崇德 主编 / 浙江教育出版社 / 1991-4 / 168.00元,1991.0,1885,,https://book.douban.com/subject/1028409/
太白金星有点烦,9.0,马伯庸 / 湖南文艺出版社 / 2023-6 / 45.00,2023.0,11487,,https://book.douban.com/subject/36328704/
可能性的艺术: 比较政治学30讲,9.2,刘瑜 / 广西师范大学出版社 / 2022-4 / 82.00元,2022.0,3617,,https://book.douban.com/subject/35819419/
鼠疫,9.1,[法] 阿尔贝·加缪 / 刘方 / 上海译文出版社 / 2013-8 / 34.00元,2013.0,5996,用别样的监禁生活再现某种监禁生活，与用不存在的事表现真事同等合理,https://book.douban.com/subject/24257229/
刘擎西方现代思想讲义,9.2,刘擎 / 新星出版社 / 2021-1 / 79.00元,2021.0,5913,,https://book.douban.com/subject/35313227/
嫌疑人X的献身,8.9,[日] 东野圭吾 / 刘子倩 / 南海出版公司 / 2008-9 / 28.00,2008.0,22307,数学好是一种极致的浪漫,https://book.douban.com/subject/3211779/
孽子,9.2,白先勇 / 广西师范大学出版社 / 2010-10 / 46.00元,2010.0,13040,写给那一群， 在最深最深的黑夜里， 独自彷徨街头， 无所依归的孩子们,https://book.douban.com/subject/5337254/
傲慢与偏见,8.9,[英] 奥斯丁 / 张玲 / 人民文学出版社 / 1993-7 / 13.00元,1993.0,8341,所有现代言情小说的母体,https://book.douban.com/subject/1083428/
史记（全十册）: （全十册）,9.6,司马迁 / （索隐）司马贞，（正义）张守节 / 中华书局 / 1982-11 / 125.00,1982.0,2922,史家之绝唱，无韵之离骚,https://book.douban.com/subject/1077847/
黄金时代: 时代三部曲,8.9,王小波 / 花城出版社 / 1999-3 / 19.00元,1999.0,15372,我想爱，想吃，还想在一瞬间变成天上半明半暗的云,https://book.douban.com/subject/1089243/
四世同堂,9.4,老舍 / 北京十月文艺出版社 / 2008-7 / 36.00元,2008.0,3404,北平沦陷时代广大平民的悲惨遭遇,https://book.douban.com/subject/3183775/
一间只属于自己的房间,9.2,[英] 弗吉尼亚·伍尔夫 / 周颖琪 / 天津人民出版社 / 2019-10 / 39.8元,2019.0,8414,,https://book.douban.com/subject/34835082/
诗经,9.5,孔丘 编订 / 北京出版社 / 2006-7 / 19.90元,2006.0,3643,思无邪,https://book.douban.com/subject/1883245/
悲惨世界（上中下）,9.1,[法] 雨果 / 李丹 / 人民文学出版社 / 1992-6 / 66.00元,1992.0,4724,现实主义与浪漫主义的至高杰作,https://book.douban.com/subject/1205054/
台北人,9.0,白先勇 / 广西师范大学出版社 / 2010-10 / 38.00元,2010.0,8931,白先勇短篇小说集,https://book.douban.com/subject/5337248/
毛泽东选集: 第一卷,9.6,毛泽东 / 人民出版社 / 1991-6 / 40.00元,1991.0,7891,,https://book.douban.com/subject/1139360/
永恒的终结: 关于时间旅行的终极奥秘和恢宏构想,9.1,[美] 艾萨克·阿西莫夫 / 崔正男 / 江苏凤凰文艺出版社 / 2014-9 / 32.00元,2014.0,5994,关于时间旅行的终极奥秘和恢宏构想,https://book.douban.com/subject/25829693/
一个叫欧维的男人决定去死,9.1,[瑞典] 弗雷德里克·巴克曼 / 宁蒙 / 四川文艺出版社 / 2015-12 / 35.00元,2015.0,7301,这个发生在瑞典的故事，如生命庆典般绚丽斑斓,https://book.douban.com/subject/26672693/
美丽新世界,9.1,【英】奥尔德斯·赫胥黎 / 陈超 / 上海译文出版社 / 2017-6 / 45.00元,2017.0,2286,,https://book.douban.com/subject/27002046/
南京大屠杀: 第二次世界大战中被遗忘的大浩劫,9.7,[美]张纯如（Iris Chang） / 谭春霞 / 中信出版社 / 2015-8 / 49.00元,2015.0,2939,,https://book.douban.com/subject/26545308/
始于极限: 女性主义往复书简,9.0,[日] 上野千鹤子 / 曹逸冰 / 新星出版社 / 2022-9-20 / 59.00元,2022.0,2806,,https://book.douban.com/subject/35966120/
神雕侠侣,8.9,金庸 / 有1996年11月北平第4次印本 / 生活·读书·新知三联书店 / 1994-5 / 76.80元,1996.0,6927,至情至性，情大于武,https://book.douban.com/subject/1255624/
绝叫,8.9,[日] 叶真中显 / 林佩瑾 / 北京联合出版公司 / 2020-7 / 58.00元,2020.0,18908,,https://book.douban.com/subject/35031587/
唐诗三百首,9.4,蘅塘退士 / 中华书局 / 1984-07-01 / 0.65,1984.0,1939,熟读唐诗三百首，不会吟诗也会吟,https://book.douban.com/subject/1013267/
美的历程,9.2,李泽厚 / 生活·读书·新知三联书店 / 2009-7 / 43.00元,2009.0,1919,中国美学经典之作,https://book.douban.com/subject/3410718/
上帝掷骰子吗: 量子物理史话,9.2,曹天元 / 辽宁教育出版社 / 2006-1 / 32.00元,2006.0,2168,量子物理史话,https://book.douban.com/subject/1467022/
灿烂千阳,8.9,[美] 卡勒德·胡赛尼 / 李继宏 / 上海人民出版社 / 2007-9 / 28.00元,2007.0,9762,唯有希望与爱可以驱散阴霾,https://book.douban.com/subject/2143732/
历史深处的忧虑: 近距离看美国之一,9.0,林达 / 生活·读书·新知三联书店 / 1997-5 / 19.00元,1997.0,3096,窥见美国社会的一扇窗,https://book.douban.com/subject/1027191/
筚路维艰: 中国社会主义路径的五次选择,9.5,萧冬连 / 社会科学文献出版社 / 2014-10-1 / 45.00元,2014.0,3445,,https://book.douban.com/subject/26171466/
窗边的小豆豆,8.9,[日] 黑柳彻子 著 / 赵玉皎 / 南海出版公司 / 2003-1 / 20.00元,2003.0,9617,真正懂孩子的教育经,https://book.douban.com/subject/1007914/
哭泣的骆驼,9.0,三毛 / 哈尔滨出版社 / 2003-6 / 15.80元,2003.0,1172,沙漠中寻常的生与死,https://book.douban.com/subject/1029111/
最好的告别: 关于衰老与死亡，你必须知道的常识,9.0,[美] 阿图·葛文德（Atul Gawande） / 王一方 主编 / 浙江人民出版社 / 2015-7-31 / 54.90元,2015.0,3427,关于衰老与死亡，你必须知道的常识,https://book.douban.com/subject/26576861/
呼兰河传: 1947年版本・原版珍藏,9.0,萧红 / 百花文艺出版社 / 2005-01 / 19.00,2005.0,8360,萧红的童年往事,https://book.douban.com/subject/1060852/
冬牧场,9.1,李娟 / 新星出版社 / 2012-6 / 29.80元,2012.0,4704,阿勒泰的精灵,https://book.douban.com/subject/10522856/
棋王·树王·孩子王: 阿城文集 之一,9.2,阿城 / 江苏凤凰文艺出版社 / 2016-3-1 / 58.00,2016.0,3159,,https://book.douban.com/subject/26734559/
人间词话,9.1,王国维 / 上海古籍出版社 / 1998-12 / 9.80元,1998.0,1016,以新眼光评旧文学,https://book.douban.com/subject/1203426/
罪与罚,9.3,[俄] 陀思妥耶夫斯基 / 岳麟 / 上海译文出版社 / 2006-8 / 23.00元,2006.0,4533,描绘人内心的全部深度,https://book.douban.com/subject/1858568/
离开的，留下的: 那不勒斯四部曲3,8.9,[意] 埃莱娜·费兰特 / 陈英 / 人民文学出版社 / 2017-10 / 62.00元,2017.0,21610,探索中年的虚无、困惑、野心和近乎残暴的爱,https://book.douban.com/subject/27104959/
叫魂: 1768年中国妖术大恐慌,9.2,[美] 孔飞力 / 陈兼 / 生活·读书·新知三联书店 上海三联书店 / 2014-6 / 38.00元,2014.0,3909,,https://book.douban.com/subject/25912076/
文学回忆录: 1989—1994,9.1,木心 讲述 / 广西师范大学出版社 / 2013-1-10 / 98.00元,2013.0,7269,木心留给世界的礼物,https://book.douban.com/subject/20440644/
道德经,9.5,黄元吉 / 陕西人民出版社 / 1996-10 / 4.50元,1996.0,1291,中国历史上首部完整的哲学著作,https://book.douban.com/subject/1059258/
流俗地,9.2,[马来西亚] 黎紫书 / 北京十月文艺出版社 / 2021-4-1 / 55.00元,2021.0,8887,,https://book.douban.com/subject/35430425/
也许你该找个人聊聊,9.0,[美]洛莉·戈特利布 / 张含笑 / 上海文化出版社 / 2021-7-28 / 68.00元,2021.0,6132,,https://book.douban.com/subject/35481512/
西线无战事,9.4,[德] 埃里希·玛丽亚·雷马克 / 姜乙 / 上海文艺出版社 / 2021-1 / 49,2021.0,4652,,https://book.douban.com/subject/35272817/
明亮的夜晚,9.0,[韩]崔恩荣 / 叶蕾 / 台海出版社 / 2023-8 / 52,2023.0,6531,,https://book.douban.com/subject/36457094/
遥远的向日葵地,9.1,李娟 / 花城出版社 / 2017-11 / 38.00元,2017.0,3983,,https://book.douban.com/subject/27184303/
平面国: 多维空间传奇往事,9.2,[英] 埃德温·A·艾勃特 / 鲁冬旭 / 上海文化出版社 / 2020-8 / 39.80元,2020.0,3567,,https://book.douban.com/subject/35170896/
桶川跟踪狂杀人事件,9.0,[日] 清水洁 / 王华懋 / 四川人民出版社 / 2021-2 / 45.00元,2021.0,5722,,https://book.douban.com/subject/35094680/
浪潮之巅,9.0,吴军 / 电子工业出版社 / 2011-8 / 55.00元,2011.0,1593,了解IT领域的入门读物,https://book.douban.com/subject/6709783/
少年凯歌,9.3,人民文学出版社 / 2001-6 / 10.00元,2001.0,6052,,https://book.douban.com/subject/1091203/
人生的枷锁,9.1,[英] 毛姆 / 张柏然 / 上海译文出版社 / 2007-3 / 32.00元,2007.0,4113,在混沌纷扰的生活漩流中，寻求人生的真谛,https://book.douban.com/subject/2035171/
受戒: 汪曾祺自选集,9.3,汪曾祺 / 漓江出版社 / 1987-10 / 3.95元,1987.0,2879,江南乡镇民间生活，健康淳朴的人性,https://book.douban.com/subject/1760432/
失明症漫记,9.1,[葡] 若泽·萨拉马戈 / 范维信 / 南海出版公司 / 2014-2 / 29.50元,2014.0,4505,失明症迅速蔓延，整个城市陷入一场空前的灾难,https://book.douban.com/subject/20428302/
我们仨,8.8,杨绛 / 生活·读书·新知三联书店 / 2003-7 / 18.80元,2003.0,13113,,https://book.douban.com/subject/1023045/
爱你就像爱生命,8.8,王小波 / 上海锦绣文章出版社 / 2008-5 / 18.00元,2008.0,13118,王小波与李银河的两地书,https://book.douban.com/subject/3071717/
茶馆,9.2,老舍 / 人民文学出版社 / 2002-1 / 9.80元,2002.0,3112,清末、民初、抗战胜利以后三个历史时期的北京生活风貌,https://book.douban.com/subject/1036613/
昨日的世界: 一个欧洲人的回忆,9.4,[奥] 斯特凡·茨威格 / 徐友敬 / 上海译文出版社 / 2018-7 / 49.00元,2018.0,4840,,https://book.douban.com/subject/27615361/
巨人的陨落: 世纪三部曲,8.9,[英] 肯·福莱特 / 于大卫 / 江苏凤凰文艺出版社 / 2016-5-1 / CNY 129.80,2016.0,8993,五个家族，一场战争,https://book.douban.com/subject/26698660/
人生的智慧,9.2,(德)叔本华 / 韦启昌 / 上海人民出版社 / 2008-10-01 / 28.00元,2008.0,9162,对世俗、实用问题深刻而透彻的讨论,https://book.douban.com/subject/3261600/
看不见的城市,9.0,[意] 伊塔洛·卡尔维诺 / 张密 / 译林出版社 / 2012-4 / 25.00元,2012.0,5045,,https://book.douban.com/subject/10555509/
海子的诗,9.0,海子 / 人民文学出版社 / 1999-04 / 15.40,1999.0,2609,,https://book.douban.com/subject/1011754/
飞鸟集,8.9,[印] 罗宾德拉纳德·泰戈尔 / 徐翰林 / 哈尔滨出版社 / 2004-6 / 16.80元,2004.0,1034,一个淡泊清透的世界,https://book.douban.com/subject/1058661/
教父,9.0,[美]马里奥·普佐 / 周汉林 / 译林出版社 / 1997-8 / 23.30元,1997.0,730,“教父三部曲”电影原著,https://book.douban.com/subject/1092335/
面纱,9.0,[英] 威廉·萨默塞特·毛姆 / 于大卫 / 江西人民出版社 / 2016-4-1 / 39.8元,2016.0,4548,,https://book.douban.com/subject/26757680/
鹿鼎记,8.9,金庸 / 广州出版社 花城出版社 / 2008-3 / 108.00元,2008.0,1514,武侠的解构，流氓的狂欢,https://book.douban.com/subject/1212893/
檀香刑,9.3,莫言 / 浙江文艺出版社 / 2017-1 / 56.00元,2017.0,7376,,https://book.douban.com/subject/26905337/
人间草木,9.2,汪曾祺 / 江苏文艺出版社 / 2005-01 / 20.00元,2005.0,4640,我就是要这样香，香得痛痛快快,https://book.douban.com/subject/1253310/
陆犯焉识,8.9,严歌苓 / 作家出版社 / 2011-10 / 35.00元,2011.0,6694,翻手为苍凉，覆手为繁华,https://book.douban.com/subject/6880158/
13 67: 陳浩基作品2,9.1,陳浩基 / 皇冠文化出版有限公司 / 2014-6-9 / NT$350,2014.0,1963,,https://book.douban.com/subject/25897884/
额尔古纳河右岸,8.9,迟子建 / 人民文学出版社 / 2019-6-1 / 32.00元,2019.0,4793,,https://book.douban.com/subject/34432750/
我的天才女友: 那不勒斯四部曲1,8.8,[意] 埃莱娜·费兰特 / 陈英 / 人民文学出版社 / 2017-1 / 42.00元,2017.0,11094,“那不勒斯四部曲”第一部，两个女人，50年的友谊和战争,https://book.douban.com/subject/26878124/
边城,8.7,沈从文 / 北岳文艺出版社 / 2002-4 / 12.00元,2002.0,10562,一切充满了善，然而到处是不凑巧,https://book.douban.com/subject/1057244/
十万个为什么,9.2,少年儿童出版社 / 1962 / 30.00元,1962.0,560,,https://book.douban.com/subject/2160556/
克莱因壶,8.8,[日] 冈岛二人 / 张舟 / 化学工业出版社 / 2019-9 / 48.00元,2019.0,4530,,https://book.douban.com/subject/33658616/
斯通纳,8.8,[美] 约翰·威廉斯 / 杨向荣 / 上海人民出版社 / 2016-1 / 49.00元,2016.0,8985,即使不能拥有完美的生活，所幸追求过完整的自我,https://book.douban.com/subject/26425831/
大明王朝1566,9.5,刘和平 / 花城出版社 / 2016-7 / 88.00元,2016.0,2138,,https://book.douban.com/subject/26925171/
地下室手记,9.2,[俄] 陀思妥耶夫斯基 / 曾思艺 / 浙江文艺出版社 / 2020-5 / 39.80元,2020.0,9128,,https://book.douban.com/subject/34990839/
梦里花落知多少,8.8,三毛 / 北京十月文艺出版社 / 2007-6 / 28.00元,2007.0,735,哀而不伤,https://book.douban.com/subject/2070844/
时间简史: 插图本,8.9,[英] 史蒂芬·霍金 / 许明贤 / 湖南科学技术出版社 / 2010-4 / 45.00元,2010.0,4673,探索时间和空间的核心秘密,https://book.douban.com/subject/1034282/
2001：太空漫游: 《太空漫游四部曲》第1部,9.3,[英] 阿瑟·克拉克 / 郝明义 / 上海文艺出版社 / 2019-4-10 / 62.00元,2019.0,2430,,https://book.douban.com/subject/30471298/
安娜·卡列尼娜,9.2,[俄] 列夫·托尔斯泰 / 草婴 / 上海文艺出版社 / 2007-8 / 37.00元,2007.0,8494,,https://book.douban.com/subject/2253380/
金色梦乡,9.0,[日] 伊坂幸太郎 / 李彦桦 / 译林出版社 / 2010-9 / 35.00元,2010.0,2743,伊坂幸太郎代表作,https://book.douban.com/subject/5038409/
王尔德童话,9.1,[英] 王尔德 / 王林 / 译林出版社 / 2003-6 / 6.00元,2003.0,765,一颗纯美纯善、永难泯灭的童心,https://book.douban.com/subject/1119839/
一句顶一万句,8.8,刘震云 / 长江文艺出版社 / 2009-3 / 29.80,2009.0,20433,一句胜过千年,https://book.douban.com/subject/3633461/
小径分岔的花园,8.9,[阿根廷] 豪·路·博尔赫斯 / 王永年 / 上海译文出版社 / 2015-7 / 23.00,2015.0,7755,一个谜语，谜底正是时间,https://book.douban.com/subject/25796120/
这些人，那些事,8.8,吴念真 / 译林出版社 / 2011-9 / 28.00元,2011.0,1734,平淡叙述下的惊心动魄,https://book.douban.com/subject/6388661/
绿毛水怪,9.1,王小波 / 时代文艺出版社 / 2009-1 / 30.00元,2009.0,2942,我们好象在池塘的水底，从一个月亮走向另一个月亮,https://book.douban.com/subject/3518332/
故事: 材质·结构·风格和银幕剧作的原理,9.2,[美] 罗伯特·麦基 / 周铁东 / 天津人民出版社 / 2014-9 / 68.00元,2014.0,4717,材质、结构、风格和银幕剧作的原理,https://book.douban.com/subject/25976544/
强风吹拂,9.0,三浦紫苑 / 林佩瑾 / 广西师范大学出版社 / 2015-1-1 / 39.00元,2015.0,2995,明明这么痛苦，这么难过，为什么就是不能放弃跑步？,https://book.douban.com/subject/26210487/
阿勒泰的角落,9.1,李娟 / 万卷出版公司 / 2010-6 / 25.00元,2010.0,1717,白雪和阳光，青草和白桦林,https://book.douban.com/subject/4881850/
长日将尽,8.9,[英] 石黑一雄 / 冯涛 / 上海译文出版社 / 2018-5 / 48,2018.0,5439,,https://book.douban.com/subject/30142261/
你当像鸟飞往你的山,8.7,塔拉·韦斯特弗 / 任爱红 / 南海出版公司 / 2019-10 / 59.00元,2019.0,36449,我来自一个极少有人能想象的家庭，教育给了我新世界,https://book.douban.com/subject/33440205/
海的女儿,9.1,安徒生 / 叶君健 / 上海译文出版社 / 1978年6月 / 0.43,1978.0,783,,https://book.douban.com/subject/1765512/
半生缘: 张爱玲全集04——小说,9.1,张爱玲 / 北京十月文艺出版社 / 2012-6-1 / 29.60元,2012.0,8217,,https://book.douban.com/subject/10757938/
经济学原理（上下）,9.1,[美] 曼昆 / 梁小民 / 机械工业出版社 / 2003-8 / 88.00元,2003.0,514,经济学家们的世界观,https://book.douban.com/subject/1028842/
天朝的崩溃: 鸦片战争再研究（修订版）,9.4,茅海建 / 生活·读书·新知三联书店 / 2014-10 / 59.00元,2014.0,3232,,https://book.douban.com/subject/25935941/
鹿川有许多粪,8.9,李沧东 / 春喜 / 武汉大学出版社 / 2021-8 / 58.00元,2021.0,4995,,https://book.douban.com/subject/35517022/
國史大綱（上下）,9.4,錢穆 / 商务印书馆 / 2013-8 / 76.00元,2013.0,2506,钱穆中国通史,https://book.douban.com/subject/1046492/
我不知道该说什么，关于死亡还是爱情: 来自切尔诺贝利的声音,9.2,[白俄] S·A·阿列克谢耶维奇 / 方祖芳 / 花城出版社 / 2014-6-15 / 34.80元,2014.0,3706,真实记录切尔诺贝利核灾难事件,https://book.douban.com/subject/25884880/
东晋门阀政治,9.5,田余庆 / 北京大学出版社 / 2012-5 / 49.00元,2012.0,2238,,https://book.douban.com/subject/10758290/
万水千山走遍,8.9,三毛 / 哈尔滨出版社 / 2003-08 / 13.80,2003.0,1728,从遥远的撒哈拉到敦煌戈壁,https://book.douban.com/subject/1036490/
冰与火之歌: （1-5卷：权力的游戏、列王的纷争、冰雨的风暴、群鸦的盛宴、魔龙的狂,9.5,[美]乔治·R.R.马丁 / 谭光磊 / 重庆出版社 / 2013-10-1 / 330.00元,2013.0,5696,乔治·R·R·马丁史诗奇幻小说,https://book.douban.com/subject/25826936/
史蒂夫·乔布斯传,8.8,[美] 沃尔特·艾萨克森 / 管延圻 / 中信出版社 / 2011-10-24 / 68.00元,2011.0,2125,完美主义者的最高形态,https://book.douban.com/subject/6798611/
草房子,9.0,曹文轩 / 江苏少年儿童出版社 / 2009-6 / 18.00元,2009.0,2694,男孩桑桑刻骨铭心、终身难忘的六年小学生活,https://book.douban.com/subject/1052990/
李光耀观天下,9.2,李光耀 / 北京大学出版社 / 2015-6 / 58.00元,2015.0,2906,,https://book.douban.com/subject/26413154/
全球通史: 从史前史到21世纪,9.0,斯塔夫里阿诺斯 / 吴象婴 / 北京大学出版社 / 2012-2-1 / 168.00元,2012.0,2267,,https://book.douban.com/subject/10583099/
苏菲的世界,8.8,[挪] 乔斯坦·贾德 / 萧宝森 / 作家出版社 / 2007-10 / 26.00元,2007.0,1905,哲学启蒙书,https://book.douban.com/subject/2284311/
亮剑,9.0,都梁 / 解放军文艺出版社 / 2005-3 / 28.00元,2005.0,5225,面对强大的对手，明知不敌，也要毅然亮剑,https://book.douban.com/subject/1088022/
生死疲劳,9.0,莫言 / 浙江文艺出版社 / 2021-11 / 69.90元,2021.0,3454,,https://book.douban.com/subject/35587028/
一个陌生女人的来信,8.7,[奥] 斯蒂芬·茨威格 / 张玉书 / 上海译文出版社 / 2007-7 / 20.00元,2007.0,16938,暗恋的极致,https://book.douban.com/subject/2154960/
德米安: 埃米尔·辛克莱的彷徨少年时,8.9,[德] 赫尔曼·黑塞 / 丁君君 / 上海人民出版社 / 2009-3 / 25.00元,2009.0,6686,少年辛克莱寻找通向自身之路的艰辛历程,https://book.douban.com/subject/3578470/
爱的艺术,8.8,[美] 艾·弗洛姆 / 李健鸣 / 上海译文出版社 / 2008-4 / 15.00元,2008.0,13699,谦恭地、勇敢地、真诚地和有纪律地爱他人,https://book.douban.com/subject/3026879/
温柔的夜,9.1,三毛 / 北京十月文艺出版社 / 2007-5 / 28.00元,2007.0,559,三毛在加纳利群岛的生活,https://book.douban.com/subject/2068249/
球状闪电,8.7,刘慈欣 / 四川科学技术出版社 / 2005-6 / 22.00元,2005.0,9953,量子之外，没有真相,https://book.douban.com/subject/1192090/
不能承受的生命之轻: 中文全译本百万纪念版,8.8,米兰·昆德拉 / 许钧 / 上海译文出版社 / 2010-8 / 29.00元,2010.0,1679,,https://book.douban.com/subject/4920007/
恶意,8.7,[日] 东野圭吾 / 娄美莲 / 南海出版公司 / 2016-11 / 39.50元,2016.0,18240,,https://book.douban.com/subject/26877752/
古文观止,9.1,吴楚材 / 中华书局 / 1987-1-1 / 21.00元,1987.0,1925,收录自先秦至明末的散文二百二十二篇,https://book.douban.com/subject/1014561/
我的阿勒泰,8.9,李娟 / 云南人民出版社 / 2010-7 / 25.00元,2010.0,1879,描写疆北阿勒泰地区生活和风情的原生态散文集,https://book.douban.com/subject/4884218/
亲密关系（第6版）,9.2,[美] 罗兰·米勒 (Rowland S. Miller) / 王伟平 译 / 人民邮电出版社 / 2015-6 / 138.00元,2015.0,13075,,https://book.douban.com/subject/26585065/
倾城之恋: 张爱玲全集01——小说,8.9,张爱玲 / 北京十月文艺出版社 / 2012-6-1 / 29.80元,2012.0,6063,,https://book.douban.com/subject/10757940/
天生有罪: 特雷弗·诺亚的变色人生,9.1,[南非] 特雷弗·诺亚 / 董帅 / 北京联合出版公司 / 2018-2-1 / 58.00,2018.0,1988,,https://book.douban.com/subject/30125030/
社会心理学: （第8版）,9.0,[美] 戴维·迈尔斯 / 张智勇 / 人民邮电出版社 / 2006-1 / 68.00元,2006.0,6401,人们是如何思索、影响他人并与他人建立联系的,https://book.douban.com/subject/1476651/
麦琪的礼物: 欧·亨利短篇小说经典,8.7,[美] 欧·亨利 / 张经浩 / 上海社会科学院出版社 / 2003-7 / 25.00元,2003.0,1174,日常的奇迹,https://book.douban.com/subject/1051193/
翦商: 殷周之变与华夏新生,8.9,李硕 / 广西师范大学出版社 / 2022-10 / 99.00元,2022.0,1469,,https://book.douban.com/subject/36096304/
帷幕: 阿加莎·克里斯蒂作品33,9.2,[英]阿加莎·克里斯蒂 / 李杨 / 新星出版社 / 2015-2 / 26.00,2015.0,2932,,https://book.douban.com/subject/26292535/
包法利夫人,9.1,福楼拜 / 李健吾 / 人民文学出版社 / 2003-1-1 / CNY 28.00,2003.0,11005,,https://book.douban.com/subject/25897678/
足利女童连续失踪事件,9.0,[日] 清水洁 / 曾玉婷 / 文汇出版社 / 2022-7 / 49.00元,2022.0,2875,,https://book.douban.com/subject/35776315/
父权制与资本主义,9.2,[日] 上野千鹤子 / 邹韵 / 浙江大学出版社 / 2020-3 / 58.00元,2020.0,15663,,https://book.douban.com/subject/34896921/
看不见的女性,9.1,卡罗琳·克里亚多·佩雷斯 / 詹涓 / 新星出版社 / 2022-8 / 69.00元,2022.0,7455,,https://book.douban.com/subject/35942057/
一桩事先张扬的凶杀案,8.7,[哥伦比亚] 加西亚·马尔克斯 / 魏然 / 南海出版公司 / 2013-6 / 25.00元,2013.0,9870,我如此急切地想要讲述这桩案件，也许是它最终确定了我的作家生涯,https://book.douban.com/subject/24382569/
雕刻时光,9.4,[苏] 安德烈·塔可夫斯基 / 张晓东 / 南海出版公司 / 2016-5 / 45.00元,2016.0,1598,,https://book.douban.com/subject/26435510/
一个女人的故事: 全新修订版,9.0,[法]安妮·埃尔诺 / 郭玉梅 / 上海人民出版社 / 2022-10 / 38.00,2022.0,2499,,https://book.douban.com/subject/36078195/
我也有一个梦想: 近距离看美国之三,9.0,林达 / 生活·读书·新知三联书店 / 2004-08 / 25.00元,2004.0,818,在法治国家里，民众怎样运用法律,https://book.douban.com/subject/1014825/
激荡三十年（上）: 中国企业1978-2008,8.8,吴晓波 / 中信出版社 / 2007-1 / 35.00,2007.0,1003,这是一个最好的时代，也是一个最坏的时代,https://book.douban.com/subject/1970428/
当呼吸化为空气,8.9,[美] 保罗·卡拉尼什 / 何雨珈 / 浙江文艺出版社 / 2016-11 / 48.00元,2016.0,2454,你在死亡中探究生命的意义，你见证生前的呼吸化作死后的空气,https://book.douban.com/subject/26896859/
在细雨中呼喊,8.8,余华 / 作家出版社 / 2012-11-1 / 25.00元,2012.0,7964,,https://book.douban.com/subject/20421947/
银河帝国：基地七部曲: 百万册纪念版,9.5,[美] 艾萨克·阿西莫夫 / 叶李华 / 江苏凤凰文艺出版社 / 2015-10-1 / 328.00元,2015.0,2526,阿西莫夫经典科幻小说,https://book.douban.com/subject/26389895/
理想国,8.8,[古希腊] 柏拉图 / 郭斌和 / 商务印书馆 / 1986-8 / 28.00元,1986.0,4168,人类历史上最早的乌托邦,https://book.douban.com/subject/1004821/
挽救计划,9.1,[美] 安迪·威尔 / 耿辉 / 译林出版社 / 2021-9 / 68.00,2021.0,966,,https://book.douban.com/subject/35494160/
海风中失落的血色馈赠,9.0,[加拿大] 阿利斯泰尔·麦克劳德 / 陈以侃 / 上海文艺出版社 / 2015-6-1 / CNY 20.00,2015.0,3829,男女之间、父母与子女之间紧密的纽带和难以逾越的鸿沟,https://book.douban.com/subject/26357614/
情书,8.6,[日] 岩井俊二 / 穆晓芳 / 天津人民出版社 / 2004-7 / 18.00元,2004.0,4590,一场同名同姓的误会，两段可贵的爱情,https://book.douban.com/subject/1080370/
尼罗河上的惨案,8.7,[英] 阿加莎·克里斯蒂 / 宫英海 / 人民文学出版社 / 2006-5 / 22.00元,2006.0,3331,阿加莎·克里斯蒂代表作,https://book.douban.com/subject/1818347/
雷雨,8.7,曹禺 / 人民文学出版社 / 1999-05 / 9.20,1999.0,2183,一幕人生大悲剧，在一个雷雨夜爆发,https://book.douban.com/subject/1013416/
倚天屠龙记,8.7,金庸 / 生活·读书·新知三联书店 / 1999-04 / 47.00,1999.0,2356,不识张郎是张郎,https://book.douban.com/subject/1070851/
骆驼祥子,8.6,老舍 / 人民文学出版社 / 1962-10-1 / 12.00元,1962.0,9794,旧中国老北京贫苦市民的典型命运,https://book.douban.com/subject/1043815/
水浒传（全二册）,8.7,[明] 施耐庵 / 人民文学出版社 / 1997-1 / 50.60元,1997.0,3505,替天行道,https://book.douban.com/subject/1008357/
万物有灵且美,8.9,[英] 吉米·哈利 / 种衍伦 / 中国城市出版社 / 2010-1 / 28.80,2010.0,858,活泼的生命完全无须借助魔法，便能对我们述说至美至真的故事,https://book.douban.com/subject/4187411/
从零开始的女性主义,8.7,[日本] 上野千鹤子 / 吕灵芝 / 北京联合出版公司 / 2021-9 / 52.00元,2021.0,5207,,https://book.douban.com/subject/35523099/
孙子兵法,9.4,孙武 / 郭化若 / 上海古籍出版社 / 2006-7 / 20.00元,2006.0,949,我国最古老最杰出的一部兵书,https://book.douban.com/subject/1949420/
荒原狼,9.0,[德]赫尔曼·黑塞 / 赵登荣 / 上海译文出版社 / 2008-7 / 13.00,2008.0,2394,“超现实主义”风格作品，德国的《尤利西斯》,https://book.douban.com/subject/3131626/
最好的我们,8.7,八月长安 / 湖南文艺出版社 / 2013-8-5 / 55,2013.0,8306,耿耿余淮,https://book.douban.com/subject/24754316/
跨越边界的社区（修订版）: 北京“浙江村”的生活史,9.4,项飙 / 生活·读书·新知三联书店 / 2018-3 / 68.00元,2018.0,2277,,https://book.douban.com/subject/30116399/
雨季不再来,8.8,三毛 / 北京十月文艺出版社 / 2007-7 / 28.00元,2007.0,654,三毛少女时代的成长感受,https://book.douban.com/subject/2136140/
一千零一夜,8.8,纳训 / 人民文学出版社 / 2003-01 / 22.00,2003.0,831,阿拉伯地区的古代民间传说,https://book.douban.com/subject/1035848/
孩子你慢慢来,8.7,龙应台 / 生活·读书·新知三联书店 / 2009-12-1 / 28.00元,2009.0,2794,我们现在怎样做母亲,https://book.douban.com/subject/4207781/
庄子,9.4,孙通海 译注 / 孙通海  译注 / 中华书局 / 2007-04 / 20.00元,2007.0,2024,野马也，尘埃也，生物之以息相吹也,https://book.douban.com/subject/2046236/
九州·缥缈录,8.8,江南 / 新世界出版社 / 2005-6 / 20.00元,2005.0,3509,乱世的英雄史诗,https://book.douban.com/subject/1321017/
罗生门,8.7,[日] 芥川龙之介 / 林少华 / 上海译文出版社 / 2008-7 / 12.00元,2008.0,3878,人生，远比地狱更像地狱,https://book.douban.com/subject/3136271/
奥斯维辛: 一部历史,9.5,[英] 劳伦斯·里斯 / 刘爽 / 广西师范大学出版社 / 2016-9 / 79.00元,2016.0,1813,,https://book.douban.com/subject/26861418/
送你一颗子弹,8.6,刘瑜 / 上海三联书店 / 2010-1 / 25.00元,2010.0,5606,在这本书里，被“审视”的东西杂七杂八,https://book.douban.com/subject/4238362/
显微镜下的大明,8.7,马伯庸 / 湖南文艺出版社 / 2019-1 / 52.00元,2019.0,5056,,https://book.douban.com/subject/30414743/
不存在的骑士,8.9,[意] 伊塔洛·卡尔维诺 / 吴正仪 / 译林出版社 / 2012-4 / 22.00元,2012.0,1870,,https://book.douban.com/subject/6789551/
现代艺术150年: 一个未完成的故事,9.1,[英] 威尔·贡培兹 / 王烁 / 广西师范大学出版社 / 2017-3 / 65.00元,2017.0,4024,,https://book.douban.com/subject/26854318/
黑箱：日本之耻,8.9,[日] 伊藤诗织 / 匡匡 / 雅众文化/中信出版集团 / 2019-4 / 48.00元,2019.0,5511,,https://book.douban.com/subject/30484795/
会饮篇,9.3,[古希腊] 柏拉图 / 王太庆 / 商务印书馆 / 2013-1 / 12.00元,2013.0,2105,,https://book.douban.com/subject/21570668/
渴望生活: 梵高传,9.1,[美] 欧文·斯通 / 常涛 / 北京十月文艺出版社 / 2008-4 / 29.80元,2008.0,726,梵高悲惨而成就辉煌的人生,https://book.douban.com/subject/3054821/
坟,9.6,鲁迅 / 人民文学出版社 / 2006-12 / 16.00元,2006.0,1033,,https://book.douban.com/subject/1974029/
论语,9.1,刘胜利 / 中华书局 / 2006-12 / 9.80元,2006.0,1226,仁远乎哉？我欲仁，斯仁至矣,https://book.douban.com/subject/1964774/
野火集: 二十年纪念版,8.7,龙应台 / 文汇出版社 / 2005-8 / 25.00元,2005.0,578,中国人，你为什么不生气,https://book.douban.com/subject/1426971/
浮生六记,8.7,（清）沈复 / 人民文学出版社 / 1999-1 / 38,1999.0,9248,苟不记之笔墨，未免有辜彼苍之厚,https://book.douban.com/subject/1088581/
红星照耀中国,9.2,[美] 埃德加·斯诺埃 / 董乐山 / 人民文学出版社 / 2016-6 / 43.00元,2016.0,3794,,https://book.douban.com/subject/26820347/
象棋的故事,9.2,[奥] 斯蒂芬·茨威格 / 张玉书 / 上海译文出版社 / 2007-7 / 23.00元,2007.0,804,纳粹法西斯对人心灵的折磨及摧残,https://book.douban.com/subject/2158684/
分成两半的子爵,8.8,[意] 伊塔洛·卡尔维诺 / 吴正仪 / 译林出版社 / 2012-4-1 / 20.00元,2012.0,1433,,https://book.douban.com/subject/10555486/
你好，旧时光（上 下）,8.7,八月长安 / 新世界出版社 / 2009-12 / 39.80元,2009.0,2466,原作名切题,https://book.douban.com/subject/4166819/
打开一颗心: 一位心外科医生手术台前的生死故事,9.1,[英] 斯蒂芬·韦斯塔比 / 高天羽 / 广西师范大学出版社 / 2022-4 / 56,2022.0,1111,,https://book.douban.com/subject/30277179/
火星救援,8.9,[美] 安迪·威尔 / 陈灼 / 译林出版社 / 2015-10 / 38.00,2015.0,2507,,https://book.douban.com/subject/26586492/
金锁记,8.7,张爱玲 / 哈尔滨出版社 / 2005-6 / 13.5元,2005.0,4203,一个小商人家庭出身的女子曹七巧的心灵变迁历程,https://book.douban.com/subject/3017857/
白痴,9.3,[俄] 陀思妥耶夫斯基 / 荣如德 / 上海译文出版社 / 2015-1 / 68.00,2015.0,4077,,https://book.douban.com/subject/25887933/
银河系漫游指南,8.8,[英] 道格拉斯·亚当斯 / 徐百柯 / 四川科学技术出版社 / 2005-6 / 16.00元,2005.0,2297,一场穿越银河的冒险,https://book.douban.com/subject/1394364/
时间的秩序,8.9,[意] 卡洛·罗韦利 / 杨光 / 湖南科学技术出版社 / 2019-6 / 56.00元,2019.0,6060,,https://book.douban.com/subject/33424487/
哈姆莱特,8.7,[英] 莎士比亚 / 朱生豪 / 人民文学出版社 / 2001-1 / 7.00元,2001.0,1144,生存还是毁灭，这是一个值得思考的问题,https://book.douban.com/subject/1006197/
你一生的故事: 特德·姜科幻小说集,8.7,[美] 特德·姜 / 李克勤 / 译林出版社 / 2015-5 / 36.00元,2015.0,5990,特德·姜科幻小说集,https://book.douban.com/subject/26295448/
规训与惩罚: 监狱的诞生,9.3,[法] 米歇尔·福柯 / 刘北成 / 生活·读书·新知三联书店 / 2003-1 / 21.80元,2003.0,2522,,https://book.douban.com/subject/1012307/
上学记,8.9,何兆武 口述 / 生活·读书·新知三联书店 / 2006-8 / 19.80元,2006.0,563,,https://book.douban.com/subject/1859140/
夏洛的网,8.7,[美] E.B.怀特 / 任溶溶 / 上海译文出版社 / 2004-5 / 17.00元,2004.0,1738,,https://book.douban.com/subject/1036274/
解忧杂货店,8.5,[日] 东野圭吾 / 李盈春 / 南海出版公司 / 2014-5 / 39.50元,2014.0,48501,,https://book.douban.com/subject/25862578/
二手时间,8.8,[白俄] S. A. 阿列克谢耶维奇 / 吕宁思 / 中信出版社 / 2016-1 / 55.00元,2016.0,6193,,https://book.douban.com/subject/26704403/
贾想 I: 贾樟柯电影手记1996—2008,9.1,贾樟柯 / 台海出版社 / 2017-6-1 / 49.00元,2017.0,3199,,https://book.douban.com/subject/27062726/
毛姆短篇小说精选集,9.1,[英] 威廉·萨默塞特·毛姆 / 冯亦代 / 译林出版社 / 2012-11 / 36.00元,2012.0,1375,,https://book.douban.com/subject/10774752/
